{
  "project_info": {
    "project_number": "1017629460697",
    "project_id": "fitbuddy-d48dd",
    "storage_bucket": "fitbuddy-d48dd.appspot.com"
  },
  "client": [
    {
      "client_info": {
        "mobilesdk_app_id": "1:1017629460697:android:485371f1de3621841796c8",
        "android_client_info": {
          "package_name": "com.example.fitbuddy"
        }
      },
      "oauth_client": [
        {
          "client_id": "1017629460697-6jdeoc69ipdorj56juusmde747ctru9d.apps.googleusercontent.com",
          "client_type": 3
        }
      ],
      "api_key": [
        {
          "current_key": "AIzaSyAaUFSOSi-HsjQtbcIdPheDDlA5Vy35R2M"
        }
      ],
      "services": {
        "appinvite_service": {
          "other_platform_oauth_client": [
            {
              "client_id": "1017629460697-6jdeoc69ipdorj56juusmde747ctru9d.apps.googleusercontent.com",
              "client_type": 3
            }
          ]
        }
      }
    }
  ],
  "configuration_version": "1"
}